,Adj Close,Adj Close,Adj Close,Close,Close,Close,High,High,High,Low,Low,Low,Open,Open,Open,Volume,Volume,Volume
,AAPL,GOOG,MSFT,AAPL,GOOG,MSFT,AAPL,GOOG,MSFT,AAPL,GOOG,MSFT,AAPL,GOOG,MSFT,AAPL,GOOG,MSFT
Date,,,,,,,,,,,,,,,,,,
2019-01-02,37.89332580566406,52.29249954223633,96.02328491210938,39.47999954223633,52.29249954223633,101.12000274658203,39.712501525878906,52.61600112915039,101.75,38.557498931884766,50.785499572753906,98.94000244140625,38.72249984741211,50.82849884033203,99.55000305175781,148158800,30652000,35329300
2019-01-03,34.11887741088867,50.803001403808594,92.49077606201172,35.54750061035156,50.803001403808594,97.4000015258789,36.43000030517578,52.8489990234375,100.19000244140625,35.5,50.70349884033203,97.19999694824219,35.994998931884766,52.04999923706055,100.0999984741211,365248800,36822000,42579100
2019-01-04,35.57539367675781,53.535499572753906,96.79244995117188,37.064998626708984,53.535499572753906,101.93000030517578,37.13750076293945,53.54199981689453,102.51000213623047,35.95000076293945,51.37089920043945,98.93000030517578,36.13249969482422,51.62950134277344,99.72000122070312,234428400,41878000,44060600
2019-01-07,35.4962043762207,53.419498443603516,96.91588592529297,36.98249816894531,53.419498443603516,102.05999755859375,37.20750045776367,53.70000076293945,103.2699966430664,36.474998474121094,52.737998962402344,100.9800033569336,37.17499923706055,53.57500076293945,101.63999938964844,219111200,39638000,35656100
2019-01-08,36.172874450683594,53.81399917602539,97.61858367919922,37.6875,53.81399917602539,102.80000305175781,37.95500183105469,54.22800064086914,103.97000122070312,37.130001068115234,53.0265007019043,101.70999908447266,37.38999938964844,53.80550003051758,103.04000091552734,164101200,35298000,31514400
2019-01-09,36.78714370727539,53.733001708984375,99.01449584960938,38.32749938964844,53.733001708984375,104.2699966430664,38.63249969482422,54.131500244140625,104.87999725341797,37.407501220703125,53.31999969482422,103.23999786376953,37.8224983215332,54.08250045776367,103.86000061035156,180396400,23986000,32280800
2019-01-10,36.90472412109375,53.51649856567383,98.37826538085938,38.45000076293945,53.51649856567383,103.5999984741211,38.49250030517578,53.557498931884766,103.75,37.71500015258789,52.885501861572266,102.37999725341797,38.125,53.382999420166016,103.22000122070312,143122800,29128000,30067600
2019-01-11,36.54239273071289,52.859500885009766,97.61858367919922,38.0724983215332,52.859500885009766,102.80000305175781,38.42499923706055,53.188751220703125,103.44000244140625,37.877498626708984,52.42399978637695,101.63999938964844,38.220001220703125,53.159000396728516,103.19000244140625,108092800,30416000,28314200
2019-01-14,35.99290084838867,52.234500885009766,96.9063720703125,37.5,52.234500885009766,102.05000305175781,37.817501068115234,52.576499938964844,102.87000274658203,37.30500030517578,52.06275177001953,101.26000213623047,37.712501525878906,52.34600067138672,101.9000015258789,129756800,22886000,28437100
2019-01-15,36.72956466674805,53.85749816894531,99.71719360351562,38.26750183105469,53.85749816894531,105.01000213623047,38.34749984741211,54.002498626708984,105.05000305175781,37.51250076293945,52.367000579833984,101.87999725341797,37.567501068115234,52.50849914550781,102.51000213623047,114843600,29272000,31587600
2019-01-16,37.17828369140625,54.048500061035156,100.06855010986328,38.73500061035156,54.048500061035156,105.37999725341797,38.970001220703125,54.618751525878906,106.26000213623047,38.25,53.96699905395508,104.95999908447266,38.27000045776367,54.0,105.26000213623047,122278800,26636000,29853900
2019-01-17,37.39903259277344,54.494998931884766,100.7712631225586,38.96500015258789,54.494998931884766,106.12000274658203,39.415000915527344,54.59000015258789,106.62999725341797,38.314998626708984,53.67499923706055,104.76000213623047,38.54999923706055,53.9734992980957,105.0,119284800,24854000,28393000
2019-01-18,37.62938690185547,54.91299819946289,102.2811050415039,39.20500183105469,54.91299819946289,107.70999908447266,39.470001220703125,55.417598724365234,107.9000015258789,38.994998931884766,54.54499816894531,105.91000366210938,39.375,55.0,107.45999908447266,135004000,39112000,37427600
2019-01-22,36.784751892089844,53.5260009765625,100.3534164428711,38.32500076293945,53.5260009765625,105.68000030517578,39.182498931884766,54.57550048828125,107.0999984741211,38.154998779296875,53.173500061035156,104.86000061035156,39.102500915527344,54.400001525878906,106.75,121576000,32270000,32371300
2019-01-23,36.93352508544922,53.778499603271484,101.33149719238281,38.47999954223633,53.778499603271484,106.70999908447266,38.78499984741211,54.246498107910156,107.04000091552734,37.92499923706055,52.98749923706055,105.33999633789062,38.537498474121094,53.86750030517578,106.12000274658203,92522400,19340000,25874300
2019-01-24,36.640769958496094,53.69499969482422,100.84722900390625,38.17499923706055,53.69499969482422,106.19999694824219,38.619998931884766,53.973751068115234,107.0,37.935001373291016,53.03499984741211,105.33999633789062,38.52750015258789,53.82400131225586,106.86000061035156,101766000,27226000,23164800
2019-01-25,37.854942321777344,54.54949951171875,101.76832580566406,39.439998626708984,54.54949951171875,107.16999816894531,39.532501220703125,54.70000076293945,107.87999725341797,38.58000183105469,54.090999603271484,106.19999694824219,38.869998931884766,54.25,107.23999786376953,134142000,22382000,31225600
2019-01-28,37.50461196899414,53.50400161743164,99.78365325927734,39.07500076293945,53.50400161743164,105.08000183105469,39.08250045776367,54.150001525878906,106.4800033569336,38.415000915527344,53.189998626708984,104.66000366210938,38.9474983215332,54.00550079345703,106.26000213623047,104768400,25686000,29476700
2019-01-29,37.11589431762695,53.03099822998047,97.75152587890625,38.66999816894531,53.03099822998047,102.94000244140625,39.532501220703125,53.75749969482422,104.97000122070312,38.52750015258789,52.793251037597656,102.16999816894531,39.0625,53.63399887084961,104.87999725341797,166348800,20436000,31490500
2019-01-30,39.65218734741211,54.452999114990234,101.01813507080078,41.3125,54.452999114990234,106.37999725341797,41.537498474121094,54.54999923706055,106.37999725341797,40.057498931884766,53.342498779296875,104.33000183105469,40.8125,53.42150115966797,104.62000274658203,244439200,25596000,49471900
2019-01-31,39.93772888183594,55.81850051879883,99.16643524169922,41.61000061035156,55.81850051879883,104.43000030517578,42.25,55.86650085449219,105.22000122070312,41.13999938964844,54.77050018310547,103.18000030517578,41.52750015258789,55.150001525878906,103.80000305175781,162958400,30766000,55636400
2019-02-01,39.95692443847656,55.537498474121094,97.59957122802734,41.630001068115234,55.537498474121094,102.77999877929688,42.244998931884766,56.25,104.0999984741211,41.48249816894531,55.24449920654297,102.3499984741211,41.7400016784668,55.619998931884766,103.77999877929688,130672400,29244000,35535700
2019-02-04,41.09190368652344,56.63999938964844,100.41040802001953,42.8125,56.63999938964844,105.73999786376953,42.915000915527344,56.63999938964844,105.80000305175781,41.81999969482422,55.45100021362305,102.7699966430664,41.852500915527344,55.632999420166016,102.87000274658203,125982000,51530000,31315100
2019-02-05,41.79495620727539,57.29949951171875,101.81581115722656,43.54499816894531,57.29949951171875,107.22000122070312,43.77000045776367,57.342498779296875,107.2699966430664,43.087501525878906,55.86240005493164,105.95999908447266,43.21500015258789,56.242000579833984,106.05999755859375,144406400,71044000,27325400
2019-02-06,41.80936813354492,55.76150131225586,100.68577575683594,43.560001373291016,55.76150131225586,106.02999877929688,43.89250183105469,57.349998474121094,107.0,43.212501525878906,55.63850021362305,105.52999877929688,43.662498474121094,56.97850036621094,107.0,112958400,42112000,20609800
2019-02-07,41.01752471923828,54.93550109863281,99.96409606933594,42.73500061035156,54.93550109863281,105.2699966430664,43.48500061035156,55.242000579833984,105.58999633789062,42.584999084472656,54.29999923706055,104.29000091552734,43.099998474121094,55.20800018310547,105.19000244140625,126966800,40896000,29760700
2019-02-08,41.06572723388672,54.75299835205078,100.34394073486328,42.602500915527344,54.75299835205078,105.66999816894531,42.665000915527344,54.945499420166016,105.77999877929688,42.10499954223633,54.32749938964844,104.26000213623047,42.247501373291016,54.349998474121094,104.38999938964844,95280000,21516000,21461100
2019-02-11,40.829551696777344,54.7504997253418,99.94511413574219,42.35749816894531,54.7504997253418,105.25,42.8025016784668,55.29724884033203,106.58000183105469,42.3125,54.643001556396484,104.97000122070312,42.76250076293945,54.84749984741211,106.19999694824219,83973600,21304000,18914100
2019-02-12,41.18138122558594,56.06850051879883,101.50244140625,42.72249984741211,56.06850051879883,106.88999938964844,42.75,56.26475143432617,107.13999938964844,42.42499923706055,55.29249954223633,105.4800033569336,42.525001525878906,55.34000015258789,106.13999938964844,89134000,32182000,25056600
2019-02-13,41.010276794433594,56.007999420166016,101.42646026611328,42.54499816894531,56.007999420166016,106.80999755859375,43.119998931884766,56.73649978637695,107.77999877929688,42.47999954223633,55.92499923706055,106.70999908447266,42.84749984741211,56.2495002746582,107.5,89960800,20996000,18394900
2019-02-14,41.15970230102539,56.083499908447266,101.51194763183594,42.70000076293945,56.083499908447266,106.9000015258789,42.814998626708984,56.4114990234375,107.29000091552734,42.345001220703125,55.52225112915039,105.66000366210938,42.4275016784668,55.90250015258789,106.30999755859375,87342800,18952000,21784700
2019-02-15,41.06813049316406,55.682498931884766,102.76539611816406,42.60499954223633,55.682498931884766,108.22000122070312,42.92499923706055,56.583499908447266,108.30000305175781,42.4375,55.532501220703125,107.36000061035156,42.8125,56.50400161743164,107.91000366210938,98507200,28996000,26606900
2019-02-19,41.19102478027344,55.928001403808594,102.71792602539062,42.73249816894531,55.928001403808594,108.16999816894531,42.86000061035156,56.09450149536133,108.66000366210938,42.372501373291016,55.5,107.77999877929688,42.4275016784668,55.5,107.79000091552734,75891200,20928000,18038500
2019-02-20,41.45609664916992,55.689998626708984,102.18388366699219,43.00749969482422,55.689998626708984,107.1500015258789,43.33000183105469,56.170501708984375,107.94000244140625,42.747501373291016,55.263999938964844,106.29000091552734,42.79750061035156,55.9995002746582,107.86000061035156,104457600,21756000,21607700
2019-02-21,41.22235107421875,54.8484992980957,104.33914184570312,42.76499938964844,54.8484992980957,109.41000366210938,43.092498779296875,55.59700012207031,109.4800033569336,42.57500076293945,54.625999450683594,106.87000274658203,42.95000076293945,55.54199981689453,106.9000015258789,68998800,28302000,29063200
2019-02-22,41.68262481689453,55.51850128173828,105.82683563232422,43.24250030517578,55.51850128173828,110.97000122070312,43.25,55.5620002746582,111.19999694824219,42.845001220703125,54.779998779296875,109.81999969482422,42.89500045776367,55.04499816894531,110.05000305175781,75652800,20990000,27763200
2019-02-25,41.98626708984375,55.470001220703125,106.41809844970703,43.557498931884766,55.470001220703125,111.58999633789062,43.967498779296875,55.926998138427734,112.18000030517578,43.48749923706055,55.36349868774414,111.26000213623047,43.540000915527344,55.79999923706055,111.76000213623047,87493600,28262000,23750600
2019-02-26,42.01035690307617,55.756500244140625,107.15238952636719,43.58250045776367,55.756500244140625,112.36000061035156,43.82500076293945,55.97549819946289,113.23999786376953,43.29249954223633,54.99599838256836,111.16999816894531,43.4275016784668,55.287498474121094,111.26000213623047,68280800,29426000,21536700
2019-02-27,42.14048767089844,55.8025016784668,106.97120666503906,43.717498779296875,55.8025016784668,112.16999816894531,43.75,55.89899826049805,112.36000061035156,43.182498931884766,55.04999923706055,110.87999725341797,43.3025016784668,55.34749984741211,111.69000244140625,111341600,19368000,21487100
2019-02-28,41.72599411010742,55.99599838256836,106.83769989013672,43.287498474121094,55.99599838256836,112.02999877929688,43.727500915527344,56.38249969482422,112.87999725341797,43.22999954223633,55.550498962402344,111.7300033569336,43.58000183105469,55.564998626708984,112.04000091552734,112861600,30850000,29083900
2019-03-01,42.16458511352539,57.04949951171875,107.31451416015625,43.74250030517578,57.04949951171875,112.52999877929688,43.787498474121094,57.14849853515625,113.0199966430664,43.22249984741211,56.23749923706055,111.66999816894531,43.56999969482422,56.244998931884766,112.88999938964844,103544800,29006000,23501200
2019-03-04,42.376651763916016,57.38999938964844,107.05703735351562,43.962501525878906,57.38999938964844,112.26000213623047,44.4375,57.91400146484375,113.25,43.49250030517578,56.53450012207031,110.80000305175781,43.92250061035156,57.3494987487793,113.0199966430664,109744800,28920000,26608000
2019-03-05,42.29953384399414,58.10150146484375,106.52299499511719,43.88249969482422,58.10150146484375,111.69999694824219,44.0,58.480499267578125,112.38999938964844,43.6349983215332,57.309749603271484,111.2300033569336,43.98500061035156,57.50299835205078,112.25,78949600,28864000,19538300
2019-03-06,42.056148529052734,57.893001556396484,106.57067108154297,43.630001068115234,57.893001556396484,111.75,43.872501373291016,58.378299713134766,112.66000366210938,43.48500061035156,57.77450180053711,111.43000030517578,43.66749954223633,58.1245002746582,111.87000274658203,83241600,21986000,17687000
2019-03-07,41.569366455078125,57.165000915527344,105.27369689941406,43.125,57.165000915527344,110.38999938964844,43.61000061035156,57.83774948120117,111.55000305175781,43.005001068115234,56.74549865722656,109.87000274658203,43.467498779296875,57.7859992980957,111.4000015258789,99185600,23332000,25339000
2019-03-08,41.668174743652344,57.11600112915039,105.38813018798828,43.227500915527344,57.11600112915039,110.51000213623047,43.26750183105469,57.354000091552734,110.70999908447266,42.375,56.165000915527344,108.80000305175781,42.58000183105469,56.33649826049805,109.16000366210938,95997600,24248000,22818400
2019-03-11,43.11164474487305,58.78799819946289,107.60061645507812,44.724998474121094,58.78799819946289,112.83000183105469,44.779998779296875,58.80950164794922,112.94999694824219,43.837501525878906,57.22249984741211,110.9800033569336,43.872501373291016,57.22249984741211,110.98999786376953,128044000,34384000,26491600
2019-03-12,43.59601593017578,59.65999984741211,108.3540267944336,45.227500915527344,59.65999984741211,113.62000274658203,45.66749954223633,60.0,113.98999786376953,44.842498779296875,58.91299819946289,112.6500015258789,45.0,58.91299819946289,112.81999969482422,129870400,40262000,26132700
2019-03-13,43.78881072998047,59.66600036621094,109.19322204589844,45.4275016784668,59.66600036621094,114.5,45.82500076293945,60.04650115966797,115.0,45.22999954223633,59.59700012207031,113.77999877929688,45.5625,60.032249450683594,114.12999725341797,124130000,28718000,35513800
2019-03-14,44.27558898925781,59.27750015258789,109.279052734375,45.932498931884766,59.27750015258789,114.58999633789062,46.025001525878906,59.89400100708008,115.19999694824219,45.63999938964844,59.2239990234375,114.33000183105469,45.974998474121094,59.72549819946289,114.54000091552734,94318000,23456000,30763400
2019-03-15,44.85154724121094,59.222999572753906,110.5378646850586,46.529998779296875,59.222999572753906,115.91000366210938,46.83250045776367,59.82849884033203,117.25,45.935001373291016,59.13050079345703,114.58999633789062,46.212501525878906,59.66899871826172,115.33999633789062,156171600,49236000,54681100
2019-03-18,45.30940628051758,59.2130012512207,112.12091827392578,47.005001068115234,59.2130012512207,117.56999969482422,47.09749984741211,59.5,117.61000061035156,46.4474983215332,58.87105178833008,116.05000305175781,46.45000076293945,59.165000915527344,116.16999816894531,104879200,25852000,31207600
2019-03-19,44.95033264160156,59.942501068115234,112.19723510742188,46.63249969482422,59.942501068115234,117.6500015258789,47.247501373291016,60.0,118.44000244140625,46.47999954223633,59.29349899291992,116.98999786376953,47.087501525878906,59.44049835205078,118.08999633789062,126585600,30414000,37588700
2019-03-20,45.343135833740234,61.19850158691406,112.0732421875,47.040000915527344,61.19850158691406,117.5199966430664,47.372501373291016,61.356998443603516,118.75,46.182498931884766,59.80849838256836,116.70999908447266,46.557498931884766,59.86750030517578,117.38999938964844,124140800,44548000,28113300
2019-03-21,47.01313781738281,61.57699966430664,114.64810180664062,48.772499084472656,61.57699966430664,120.22000122070312,49.08250045776367,61.589500427246094,120.81999969482422,47.45249938964844,60.657501220703125,117.08999633789062,47.505001068115234,60.79999923706055,117.13999938964844,204136800,24080000,29854400
2019-03-22,46.03958511352539,60.275001525878906,111.62505340576172,47.76250076293945,60.275001525878906,117.05000305175781,49.42250061035156,61.5,119.58999633789062,47.69499969482422,60.14125061035156,117.04000091552734,48.834999084472656,61.316001892089844,119.5,169630800,34284000,33624500
2019-03-25,45.48291015625,59.650001525878906,112.20677947998047,47.185001373291016,59.650001525878906,117.66000366210938,47.994998931884766,60.31990051269531,118.01000213623047,46.650001525878906,59.35200119018555,116.31999969482422,47.877498626708984,59.846500396728516,116.55999755859375,175381200,29936000,27067100
2019-03-26,45.01299285888672,59.23099899291992,112.44519805908203,46.6974983215332,59.23099899291992,117.91000366210938,48.220001220703125,60.14149856567383,118.70999908447266,46.14500045776367,58.83599853515625,116.8499984741211,47.915000915527344,59.92649841308594,118.62000274658203,199202000,38024000,26097700
2019-03-27,45.417842864990234,58.6510009765625,111.35802459716797,47.11750030517578,58.6510009765625,116.7699966430664,47.439998626708984,59.37794876098633,118.20999908447266,46.63750076293945,57.96849822998047,115.5199966430664,47.1875,59.275001525878906,117.87999725341797,119393600,28004000,22733400
2019-03-28,45.47809600830078,58.42449951171875,111.51060485839844,47.18000030517578,58.42449951171875,116.93000030517578,47.38999938964844,58.578250885009766,117.58000183105469,46.88249969482422,57.97154998779297,116.12999725341797,47.23749923706055,58.57699966430664,117.44000244140625,83121600,19234000,18334800
2019-03-29,45.774497985839844,58.66550064086914,112.47379302978516,47.48749923706055,58.66550064086914,117.94000244140625,47.52000045776367,58.949501037597656,118.31999969482422,47.1349983215332,58.14400100708008,116.95999908447266,47.45750045776367,58.744998931884766,118.06999969482422,94256000,25398000,25399800
2019-04-01,46.085365295410156,59.721500396728516,113.50373077392578,47.810001373291016,59.721500396728516,119.0199966430664,47.91999816894531,59.83300018310547,119.11000061035156,47.095001220703125,59.099998474121094,118.0999984741211,47.90999984741211,59.20500183105469,118.94999694824219,111448000,25050000,22789100
2019-04-02,46.75529861450195,60.02450180053711,113.66584777832031,48.505001068115234,60.02450180053711,119.19000244140625,48.6150016784668,60.067501068115234,119.4800033569336,47.76250076293945,59.285499572753906,118.5199966430664,47.772499084472656,59.76599884033203,119.05999755859375,91062800,16558000,18142300
2019-04-03,47.0758056640625,60.29600143432617,114.40969848632812,48.837501525878906,60.29600143432617,119.97000122070312,49.125,60.814998626708984,120.43000030517578,48.287498474121094,60.025001525878906,119.1500015258789,48.3125,60.374000549316406,119.86000061035156,93087200,20286000,22860700
2019-04-04,47.15773391723633,60.75,113.8279800415039,48.92250061035156,60.75,119.36000061035156,49.092498779296875,60.78350067138672,120.2300033569336,48.28499984741211,60.20650100708008,118.37999725341797,48.6974983215332,60.297000885009766,120.0999984741211,76457200,19000000,20112800
2019-04-05,47.473426818847656,60.35749816894531,114.33341217041016,49.25,60.35749816894531,119.88999938964844,49.275001525878906,60.81100082397461,120.2300033569336,48.98249816894531,60.25149917602539,119.37000274658203,49.11249923706055,60.7495002746582,119.38999938964844,74106400,18144000,15826200
2019-04-08,48.2204704284668,60.19200134277344,114.37154388427734,50.025001525878906,60.19200134277344,119.93000030517578,50.057498931884766,60.43450164794922,120.0199966430664,49.084999084472656,59.99300003051758,118.63999938964844,49.10499954223633,60.394500732421875,119.80999755859375,103526800,17204000,15116200
2019-04-09,48.07587814331055,59.86249923706055,113.75169372558594,49.875,59.86249923706055,119.27999877929688,50.712501525878906,60.114498138427734,119.54000091552734,49.807498931884766,59.65399932861328,118.58000183105469,50.08000183105469,59.79999923706055,118.62999725341797,143072800,17528000,17612000
2019-04-10,48.34577941894531,60.108001708984375,114.61951446533203,50.154998779296875,60.108001708984375,120.19000244140625,50.185001373291016,60.18925094604492,120.3499984741211,49.54499816894531,59.82175064086914,119.54000091552734,49.66999816894531,60.034000396728516,119.76000213623047,86781200,14492000,16477200
2019-04-11,47.943328857421875,60.23099899291992,114.7530288696289,49.73749923706055,60.23099899291992,120.33000183105469,50.25,60.39799880981445,120.8499984741211,49.61000061035156,60.006500244140625,119.91999816894531,50.212501525878906,60.198001861572266,120.54000091552734,83603200,14204000,14209100
2019-04-12,47.9240608215332,60.89350128173828,115.34427642822266,49.717498779296875,60.89350128173828,120.94999694824219,50.03499984741211,60.91749954223633,120.9800033569336,49.0525016784668,60.40549850463867,120.37000274658203,49.79999923706055,60.5,120.63999938964844,111042800,18668000,19745100
2019-04-15,48.01081466674805,61.05500030517578,115.43964385986328,49.807498931884766,61.05500030517578,121.05000305175781,49.962501525878906,61.209999084472656,121.58000183105469,49.502498626708984,60.455501556396484,120.56999969482422,49.64500045776367,60.900001525878906,120.94000244140625,70146400,23748000,15792600
2019-04-16,48.01563262939453,61.35649871826172,115.1726303100586,49.8125,61.35649871826172,120.7699966430664,50.342498779296875,61.54100036621094,121.6500015258789,49.63999938964844,61.00600051879883,120.0999984741211,49.8650016784668,61.25,121.63999938964844,102785600,17126000,14071800
2019-04-17,48.95063781738281,61.81700134277344,116.12628936767578,50.782501220703125,61.81700134277344,121.7699966430664,50.845001220703125,62.02799987792969,121.8499984741211,49.65250015258789,61.39099884033203,120.54000091552734,49.8849983215332,61.650001525878906,121.23999786376953,115627200,24438000,19300900
2019-04-18,49.12656021118164,61.81850051879883,117.6521224975586,50.96500015258789,61.81850051879883,123.37000274658203,51.037498474121094,62.099998474121094,123.5199966430664,50.630001068115234,61.730499267578125,121.30000305175781,50.779998779296875,61.95899963378906,122.19000244140625,96783200,26636000,27991000
2019-04-22,49.28800964355469,62.44200134277344,118.02406311035156,51.13249969482422,62.44200134277344,123.76000213623047,51.23500061035156,62.454498291015625,124.0,50.584999084472656,61.41550064086914,122.56999969482422,50.70750045776367,61.79949951171875,122.62000274658203,77758000,16146000,15648700
2019-04-23,49.99890899658203,63.227500915527344,119.62618255615234,51.869998931884766,63.227500915527344,125.44000244140625,51.9375,63.45000076293945,125.58000183105469,50.974998474121094,62.319000244140625,123.83000183105469,51.10749816894531,62.53450012207031,124.0999984741211,93292000,26398000,24025500
2019-04-24,49.92179870605469,62.79999923706055,119.21611785888672,51.790000915527344,62.79999923706055,125.01000213623047,52.119998931884766,63.4005012512207,125.8499984741211,51.76250076293945,62.75,124.5199966430664,51.84000015258789,63.20600128173828,125.79000091552734,70162400,20376000,31257000
2019-04-25,49.46875,63.17250061035156,123.16423034667969,51.31999969482422,63.17250061035156,129.14999389648438,51.939998626708984,63.370399475097656,131.3699951171875,51.279998779296875,62.60150146484375,128.8300018310547,51.70750045776367,63.23849868774414,130.05999755859375,74172800,22146000,38033900
2019-04-26,49.23258590698242,63.60900115966797,123.86994171142578,51.07500076293945,63.60900115966797,129.88999938964844,51.25,63.653499603271484,130.52000427246094,50.529998779296875,63.01599884033203,129.02000427246094,51.224998474121094,63.45000076293945,129.6999969482422,74596400,24828000,23654900
2019-04-29,49.307289123535156,64.37899780273438,123.7555160522461,51.15250015258789,64.37899780273438,129.77000427246094,51.49250030517578,64.4635009765625,130.17999267578125,50.96500015258789,63.31475067138672,129.35000610351562,51.099998474121094,63.70000076293945,129.89999389648438,88818800,49988000,16324200
2019-04-30,48.35781478881836,59.42399978637695,124.54705047607422,50.16749954223633,59.42399978637695,130.60000610351562,50.849998474121094,59.640499114990234,130.6999969482422,49.77750015258789,58.75,129.38999938964844,50.76499938964844,59.25,129.80999755859375,186139600,124140000,24166500
2019-05-01,50.73149490356445,58.40399932861328,121.95307159423828,52.630001068115234,58.40399932861328,127.87999725341797,53.82749938964844,59.40250015258789,130.64999389648438,52.307498931884766,58.35900115966797,127.69999694824219,52.470001220703125,59.40250015258789,130.52999877929688,259309200,52784000,26821700
2019-05-02,50.40135192871094,58.13050079345703,120.3604965209961,52.287498474121094,58.13050079345703,126.20999908447266,53.162498474121094,58.70949935913086,128.0,52.032501220703125,57.750099182128906,125.5199966430664,52.459999084472656,58.38800048828125,127.9800033569336,127985200,38896000,27350200
2019-05-03,51.02790451049805,59.27000045776367,122.9258041381836,52.9375,59.27000045776367,128.89999389648438,52.959999084472656,59.34000015258789,129.42999267578125,52.557498931884766,58.45000076293945,127.25,52.72249984741211,58.682498931884766,127.36000061035156,83569600,39614000,24911100
2019-05-06,50.23988723754883,59.46950149536133,122.21058654785156,52.119998931884766,59.46950149536133,128.14999389648438,52.209999084472656,59.54249954223633,128.55999755859375,50.875,58.3129997253418,126.11000061035156,51.0724983215332,58.3129997253418,126.38999938964844,129772400,31278000,24239800
2019-05-07,48.88557434082031,58.70500183105469,119.70246887207031,50.71500015258789,58.70500183105469,125.5199966430664,51.85499954223633,59.52199935913086,127.18000030517578,50.20750045776367,58.051998138427734,124.22000122070312,51.470001220703125,59.02349853515625,126.45999908447266,155054800,31028000,36017700
2019-05-08,48.89521026611328,58.313499450683594,119.69294738769531,50.724998474121094,58.313499450683594,125.51000213623047,51.334999084472656,59.02119827270508,126.37000274658203,50.4375,58.2869987487793,124.75,50.474998474121094,58.60049819946289,125.44000244140625,105358000,26186000,28419000
2019-05-09,48.369873046875,58.11899948120117,119.68339538574219,50.18000030517578,58.11899948120117,125.5,50.41999816894531,58.483001708984375,125.79000091552734,49.165000915527344,57.54249954223633,123.56999969482422,50.099998474121094,57.951499938964844,124.29000091552734,139634400,23714000,27235800
2019-05-10,47.69977951049805,58.2135009765625,121.23786163330078,49.29499816894531,58.2135009765625,127.12999725341797,49.712501525878906,58.630001068115234,127.93000030517578,48.192501068115234,57.125,123.81999969482422,49.35499954223633,58.179500579833984,124.91000366210938,164834800,26290000,30915100
2019-05-13,44.92750549316406,56.60150146484375,117.63304901123047,46.43000030517578,56.60150146484375,123.3499984741211,47.369998931884766,57.39699935913086,125.55000305175781,45.712501525878906,56.105499267578125,123.04000091552734,46.9275016784668,57.097999572753906,124.11000061035156,229722400,37212000,33944900
2019-05-14,45.638710021972656,56.02199935913086,118.94908142089844,47.165000915527344,56.02199935913086,124.7300033569336,47.42499923706055,57.020999908447266,125.87999725341797,46.352500915527344,55.977500915527344,123.69999694824219,46.602500915527344,56.86050033569336,123.87000274658203,146118800,36732000,25266300
2019-05-15,46.18543243408203,58.21049880981445,120.62415313720703,47.72999954223633,58.21049880981445,126.0199966430664,47.9375,58.56650161743164,126.70999908447266,46.505001068115234,55.83330154418945,123.69999694824219,46.567501068115234,55.89350128173828,124.26000213623047,106178800,45786000,24722700
2019-05-16,45.982215881347656,58.94900131225586,123.40956115722656,47.52000045776367,58.94900131225586,128.92999267578125,48.11750030517578,59.40800094604492,129.3800048828125,47.209999084472656,58.141998291015625,126.45999908447266,47.477500915527344,58.22549819946289,126.75,132125600,30628000,30112200
2019-05-17,45.7209587097168,58.1150016784668,122.5864028930664,47.25,58.1150016784668,128.07000732421875,47.724998474121094,59.00749969482422,130.4600067138672,46.689998626708984,58.0004997253418,127.91999816894531,46.73249816894531,58.423500061035156,128.30999755859375,131516400,24172000,25770500
2019-05-20,44.2912712097168,56.942501068115234,120.81559753417969,45.772499084472656,56.942501068115234,126.22000122070312,46.087501525878906,57.33985137939453,127.58999633789062,45.06999969482422,56.57215118408203,125.76000213623047,45.880001068115234,57.224998474121094,126.5199966430664,154449200,27066000,23706900
2019-05-21,45.14037322998047,57.48149871826172,121.46648406982422,46.650001525878906,57.48149871826172,126.9000015258789,47.0,57.635398864746094,127.52999877929688,46.17499923706055,56.89699935913086,126.58000183105469,46.30500030517578,57.42449951171875,127.43000030517578,113459200,23196000,15293300
2019-05-22,44.216278076171875,57.57099914550781,122.20352172851562,45.69499969482422,57.57099914550781,127.66999816894531,46.4275016784668,57.92599868774414,128.24000549316406,45.63750076293945,57.294498443603516,126.5199966430664,46.165000915527344,57.337501525878906,126.62000274658203,118994400,18290000,15396500
2019-05-23,43.461517333984375,57.03850173950195,120.77731323242188,44.915000915527344,57.03850173950195,126.18000030517578,45.1349983215332,57.298648834228516,126.29000091552734,44.45249938964844,56.46120071411133,124.73999786376953,44.95000076293945,57.025001525878906,126.19999694824219,146118800,23978000,23603800
2019-05-24,43.29460144042969,56.673500061035156,120.83472442626953,44.74250030517578,56.673500061035156,126.23999786376953,45.53499984741211,57.488250732421875,127.41999816894531,44.654998779296875,56.58300018310547,125.97000122070312,45.04999923706055,57.36800003051758,126.91000366210938,94858800,22240000,14123400
2019-05-28,43.115596771240234,56.70750045776367,120.75817108154297,44.557498931884766,56.70750045776367,126.16000366210938,45.147499084472656,57.579349517822266,128.0,44.477500915527344,56.65599822998047,126.05000305175781,44.72999954223633,56.70000076293945,126.9800033569336,111792800,27300000,23128400
2019-05-29,42.90997314453125,55.823001861572266,119.59040069580078,44.345001220703125,55.823001861572266,124.94000244140625,44.837501525878906,56.45500183105469,125.38999938964844,44.0,55.4109992980957,124.04000091552734,44.10499954223633,56.375999450683594,125.37999725341797,113924800,30764000,22763100
2019-05-30,43.13252639770508,55.897499084472656,120.34658813476562,44.57500076293945,55.897499084472656,125.7300033569336,44.807498931884766,56.15650177001953,125.76000213623047,44.16749954223633,55.60599899291992,124.77999877929688,44.48749923706055,55.777000427246094,125.26000213623047,84873600,19038000,16829600
2019-05-31,42.35116958618164,55.18149948120117,118.38436126708984,43.76750183105469,55.18149948120117,123.68000030517578,44.497501373291016,55.47999954223633,124.62000274658203,43.747501373291016,55.00899887084961,123.31999969482422,44.057498931884766,55.06449890136719,124.2300033569336,108174400,30156000,26646800
2019-06-03,41.922969818115234,51.811500549316406,114.70875549316406,43.32500076293945,51.811500549316406,119.83999633789062,44.47999954223633,53.275001525878906,124.37000274658203,42.567501068115234,51.25,119.01000213623047,43.900001525878906,53.275001525878906,123.8499984741211,161584400,102612000,37983600
2019-06-04,43.4566764831543,52.65250015258789,117.88660430908203,44.90999984741211,52.65250015258789,123.16000366210938,44.95750045776367,52.8025016784668,123.27999877929688,43.630001068115234,51.68450164794922,120.6500015258789,43.86000061035156,52.14500045776367,121.27999877929688,123872000,56670000,29382600
2019-06-05,44.1582145690918,52.111000061035156,120.44230651855469,45.6349983215332,52.111000061035156,125.83000183105469,46.247501373291016,52.6775016784668,125.87000274658203,45.28499984741211,51.52450180053711,124.20999908447266,46.06999969482422,52.57699966430664,124.94999694824219,119093600,43368000,24926100
2019-06-06,44.80654525756836,52.21699905395508,122.34707641601562,46.30500030517578,52.21699905395508,127.81999969482422,46.36750030517578,52.3745002746582,127.97000122070312,45.537498474121094,51.685001373291016,125.5999984741211,45.77000045776367,52.2495002746582,126.44000244140625,90105200,34064000,21459000
2019-06-07,45.99916076660156,53.301998138427734,125.77378845214844,47.537498474121094,53.301998138427734,131.39999389648438,47.97999954223633,53.54600143432617,132.25,46.442501068115234,52.41999816894531,128.25999450683594,46.627498626708984,52.53150177001953,129.19000244140625,122737600,36048000,33885600
2019-06-10,46.58699417114258,54.01900100708008,126.92242431640625,48.14500045776367,54.01900100708008,132.60000610351562,48.842498779296875,54.632999420166016,134.0800018310547,47.904998779296875,53.6161003112793,132.0,47.95249938964844,53.64899826049805,132.39999389648438,104883600,29284000,26477100
2019-06-11,47.12644958496094,53.93600082397461,126.44384002685547,48.70249938964844,53.93600082397461,132.10000610351562,49.0,55.0994987487793,134.24000549316406,48.400001525878906,53.880149841308594,131.27999877929688,48.71500015258789,54.69900131225586,133.8800048828125,107731600,28734000,23913700
2019-06-12,46.976470947265625,53.85150146484375,125.85997009277344,48.54750061035156,53.85150146484375,131.49000549316406,48.99250030517578,54.04650115966797,131.97000122070312,48.34749984741211,53.37699890136719,130.7100067138672,48.48749923706055,53.900001525878906,131.39999389648438,73012800,21220000,17092500
2019-06-13,46.96680450439453,54.438499450683594,126.6544418334961,48.537498474121094,54.438499450683594,132.32000732421875,49.1974983215332,54.708499908447266,133.0,48.400001525878906,54.00749969482422,131.55999755859375,48.67499923706055,54.18199920654297,131.97999572753906,86698400,21154000,17200800
2019-06-14,46.625701904296875,54.26750183105469,126.77886199951172,48.185001373291016,54.26750183105469,132.4499969482422,48.397499084472656,54.634498596191406,133.7899932861328,47.57500076293945,54.00859832763672,131.63999938964844,47.88750076293945,54.32099914550781,132.25999450683594,75046000,22230000,17821700
2019-06-17,46.903900146484375,54.625,127.16175079345703,48.47249984741211,54.625,132.85000610351562,48.7400016784668,54.95899963378906,133.72999572753906,48.04249954223633,54.31399917602539,132.52999877929688,48.224998474121094,54.31399917602539,132.6300048828125,58676400,18832000,14517800
2019-06-18,48.00700378417969,55.18000030517578,129.372802734375,49.61249923706055,55.18000030517578,135.16000366210938,50.0724983215332,55.81949996948242,135.24000549316406,48.8025016784668,54.949501037597656,133.57000732421875,49.01250076293945,55.484500885009766,134.19000244140625,106204000,27734000,25934500
2019-06-19,47.86669921875,55.11650085449219,129.88009643554688,49.467498779296875,55.11650085449219,135.69000244140625,49.970001220703125,55.349998474121094,135.92999267578125,49.32749938964844,54.67399978637695,133.80999755859375,49.91999816894531,55.279998779296875,135.0,84496800,26776000,23744400
2019-06-20,48.25133514404297,55.57099914550781,131.08615112304688,49.8650016784668,55.57099914550781,136.9499969482422,50.15250015258789,56.00600051879883,137.66000366210938,49.50749969482422,55.23699951171875,135.72000122070312,50.092498779296875,55.9995002746582,137.4499969482422,86056000,25240000,33042600
2019-06-21,48.08683776855469,56.09400177001953,131.10533142089844,49.69499969482422,56.09400177001953,136.97000122070312,50.212501525878906,56.205501556396484,137.72999572753906,49.537498474121094,55.40399932861328,136.4600067138672,49.70000076293945,55.46200180053711,136.5800018310547,191202400,38952000,36727900
2019-06-24,48.038455963134766,55.7760009765625,131.88063049316406,49.64500045776367,55.7760009765625,137.77999877929688,50.040000915527344,56.099998474121094,138.39999389648438,49.54249954223633,55.550498962402344,137.0,49.6349983215332,55.980499267578125,137.0,72881600,27912000,20628800
2019-06-25,47.31031036376953,54.317501068115234,127.7168960571289,48.89250183105469,54.317501068115234,133.42999267578125,49.814998626708984,55.717498779296875,137.58999633789062,48.8224983215332,54.189998626708984,132.72999572753906,49.60749816894531,55.632999420166016,137.25,84281200,30938000,33327400
2019-06-26,48.33357620239258,53.9900016784668,128.1954803466797,49.95000076293945,53.9900016784668,133.92999267578125,50.247501373291016,54.64849853515625,135.74000549316406,49.337501525878906,53.61199951171875,133.60000610351562,49.442501068115234,54.32500076293945,134.35000610351562,104270000,36218000,23657700
2019-06-27,48.31907653808594,53.800498962402344,128.4060516357422,49.935001373291016,53.800498962402344,134.14999389648438,50.39250183105469,54.35499954223633,134.7100067138672,49.89250183105469,53.76449966430664,133.50999450683594,50.0724983215332,54.20000076293945,134.13999938964844,83598800,20086000,16557500
2019-06-28,47.8787956237793,54.045501708984375,128.2241973876953,49.47999954223633,54.045501708984375,133.9600067138672,49.875,54.04999923706055,134.60000610351562,49.26250076293945,53.66849899291992,133.16000366210938,49.66999816894531,53.81949996948242,134.57000732421875,124442400,33864000,30043000
2019-07-01,48.756927490234375,54.897499084472656,129.87054443359375,50.38750076293945,54.897499084472656,135.67999267578125,51.122501373291016,55.37900161743164,136.6999969482422,50.162498474121094,54.685150146484375,134.97000122070312,50.79249954223633,54.900001525878906,136.6300048828125,109012000,28726000,22613500
2019-07-02,49.042388916015625,55.5625,130.73199462890625,50.682498931884766,55.5625,136.5800018310547,50.782501220703125,55.5885009765625,136.58999633789062,50.34000015258789,54.90850067138672,135.33999633789062,50.352500915527344,55.11199951171875,136.1199951171875,67740800,19832000,15237800
2019-07-03,49.448787689208984,56.07899856567383,131.57432556152344,51.102500915527344,56.07899856567383,137.4600067138672,51.11000061035156,56.3380012512207,137.74000549316406,50.67250061035156,55.69300079345703,136.2899932861328,50.81999969482422,55.87049865722656,136.8000030517578,45448000,15340000,13629300
2019-07-05,49.405242919921875,56.579498291015625,131.19146728515625,51.057498931884766,56.579498291015625,137.05999755859375,51.27000045776367,56.64400100708008,137.3300018310547,50.724998474121094,55.80699920654297,135.72000122070312,50.837501525878906,55.88999938964844,135.94000244140625,69062000,25286000,18141100
2019-07-08,48.38679885864258,55.817501068115234,131.0957489013672,50.005001068115234,55.817501068115234,136.9600067138672,50.349998474121094,56.29899978637695,137.10000610351562,49.602500915527344,55.56050109863281,135.3699951171875,50.20249938964844,56.25849914550781,136.39999389648438,101354400,24728000,16779700
2019-07-09,48.68193435668945,56.24150085449219,130.61715698242188,50.310001373291016,56.24150085449219,136.4600067138672,50.377498626708984,56.401248931884766,136.97000122070312,49.70249938964844,55.35850143432617,135.8000030517578,49.79999923706055,55.59000015258789,136.0,82312000,26608000,19953100
2019-07-10,49.163330078125,57.02399826049805,131.94761657714844,50.807498931884766,57.02399826049805,137.85000610351562,50.932498931884766,57.102500915527344,138.5800018310547,50.38999938964844,56.548500061035156,137.02000427246094,50.462501525878906,56.56100082397461,137.1300048828125,71588400,24190000,24204400
2019-07-11,48.80531311035156,57.21049880981445,132.4740753173828,50.4375,57.21049880981445,138.39999389648438,51.09749984741211,57.653499603271484,139.22000122070312,50.4275016784668,56.979000091552734,137.8699951171875,50.82749938964844,57.162498474121094,138.1999969482422,80767200,23910000,22327900
2019-07-12,49.18027114868164,57.244998931884766,132.9526824951172,50.82500076293945,57.244998931884766,138.89999389648438,51.0,57.367000579833984,139.1300048828125,50.54999923706055,56.93899917602539,138.00999450683594,50.61249923706055,57.199501037597656,138.85000610351562,70380800,17280000,18936800
2019-07-15,49.64232635498047,57.516998291015625,132.9526824951172,51.3025016784668,57.516998291015625,138.89999389648438,51.467498779296875,57.54100036621094,139.5399932861328,51.0,56.970001220703125,138.4600067138672,51.022499084472656,57.34299850463867,139.44000244140625,67789600,18076000,16651500
2019-07-16,49.47055435180664,57.67900085449219,131.2105712890625,51.125,57.67900085449219,137.0800018310547,51.52750015258789,57.92900085449219,139.0500030517578,50.875,57.25,136.52000427246094,51.147499084472656,57.29999923706055,138.9600067138672,67467200,24776000,22726100
2019-07-17,49.19236373901367,57.317501068115234,130.435302734375,50.837501525878906,57.317501068115234,136.27000427246094,51.272499084472656,57.917999267578125,137.92999267578125,50.817501068115234,57.28850173950195,136.22000122070312,51.01250076293945,57.548500061035156,137.6999969482422,56430000,23400000,20211000
2019-07-18,49.75117111206055,57.31650161743164,130.57887268066406,51.415000915527344,57.31650161743164,136.4199981689453,51.470001220703125,57.3802490234375,136.6199951171875,50.92499923706055,56.63650131225586,134.6699981689453,51.0,57.08700180053711,135.5500030517578,74162400,25814000,30381800
2019-07-19,49.00849914550781,56.505001068115234,130.7703094482422,50.647499084472656,56.505001068115234,136.6199951171875,51.625,57.55699920654297,140.6699981689453,50.59000015258789,56.48099899291992,136.4499969482422,51.4474983215332,57.40950012207031,140.22000122070312,83717200,32944000,48992400
2019-07-22,50.12856674194336,56.903499603271484,132.50279235839844,51.80500030517578,56.903499603271484,138.42999267578125,51.807498931884766,56.962501525878906,139.19000244140625,50.90250015258789,56.21200180053711,137.3300018310547,50.912498474121094,56.67250061035156,137.41000366210938,89111600,26030000,25074900
2019-07-23,50.52045440673828,57.31050109863281,133.3259735107422,52.209999084472656,57.31050109863281,139.2899932861328,52.227500915527344,57.345001220703125,139.99000549316406,51.8224983215332,56.59000015258789,138.02999877929688,52.1150016784668,57.20000076293945,139.75999450683594,73420800,21874000,18034600
2019-07-24,50.47932052612305,56.890499114990234,134.69476318359375,52.16749954223633,56.890499114990234,140.72000122070312,52.287498474121094,57.20000076293945,140.74000549316406,51.79249954223633,56.3494987487793,138.85000610351562,51.91749954223633,56.595001220703125,138.89999389648438,59966400,31796000,20738300
2019-07-25,50.08017349243164,56.60599899291992,134.18746948242188,51.755001068115234,56.60599899291992,140.19000244140625,52.310001373291016,57.084999084472656,140.61000061035156,51.682498931884766,56.04600143432617,139.32000732421875,52.22249984741211,56.89099884033203,140.42999267578125,55638400,44196000,18356900
2019-07-26,50.254356384277344,62.52050018310547,135.2882080078125,51.935001373291016,62.52050018310547,141.33999633789062,52.432498931884766,63.27750015258789,141.67999267578125,51.78499984741211,61.20000076293945,140.3000030517578,51.869998931884766,61.20199966430664,140.3699951171875,70475600,96116000,19037600
2019-07-29,50.72364807128906,61.97050094604492,134.99143981933594,52.41999816894531,61.97050094604492,141.02999877929688,52.65999984741211,62.368499755859375,141.50999450683594,52.11000061035156,61.4114990234375,139.3699951171875,52.1150016784668,62.0525016784668,141.5,86693600,44474000,16605900
2019-07-30,50.50593948364258,61.25699996948242,134.34059143066406,52.19499969482422,61.25699996948242,140.35000610351562,52.540000915527344,61.743499755859375,141.22000122070312,51.82749938964844,61.165000915527344,139.8000030517578,52.189998626708984,61.27050018310547,140.13999938964844,135742800,29066000,16846500
2019-07-31,51.536468505859375,60.83399963378906,130.435302734375,53.2599983215332,60.83399963378906,136.27000427246094,55.342498779296875,61.70000076293945,140.49000549316406,52.82500076293945,60.38819885253906,135.0800018310547,54.10499954223633,61.150001525878906,140.3300018310547,277125600,34510000,38598800
2019-08-01,50.4212646484375,60.45050048828125,132.14865112304688,52.10749816894531,60.45050048828125,138.05999755859375,54.50749969482422,61.705501556396484,140.94000244140625,51.685001373291016,60.2859992980957,136.92999267578125,53.474998474121094,60.701499938964844,137.0,216071600,33970000,40557500
2019-08-02,49.35444641113281,59.699501037597656,131.038330078125,51.005001068115234,59.699501037597656,136.89999389648438,51.60749816894531,60.345001220703125,138.32000732421875,50.407501220703125,59.446998596191406,135.25999450683594,51.38249969482422,60.0369987487793,138.08999633789062,163448400,32902000,30791600
2019-08-05,46.770851135253906,57.61600112915039,126.54914093017578,48.334999084472656,57.61600112915039,132.2100067138672,49.662498474121094,58.762001037597656,133.92999267578125,48.14500045776367,57.00699996948242,130.77999877929688,49.497501373291016,58.50199890136719,133.3000030517578,209572000,51950000,42749600
2019-08-06,47.65623474121094,58.497501373291016,128.92295837402344,49.25,58.497501373291016,134.69000244140625,49.51750183105469,58.99800109863281,135.67999267578125,48.5099983215332,58.0,133.2100067138672,49.07749938964844,58.16550064086914,133.8000030517578,143299200,34188000,32696700
2019-08-07,48.149742126464844,58.699501037597656,129.48765563964844,49.7599983215332,58.699501037597656,135.27999877929688,49.88999938964844,58.92224884033203,135.64999389648438,48.45500183105469,57.481201171875,131.8300018310547,48.852500915527344,57.79999923706055,133.7899932861328,133457600,28886000,33414500
2019-08-08,49.21171569824219,60.2400016784668,132.943115234375,50.85749816894531,60.2400016784668,138.88999938964844,50.88249969482422,60.2504997253418,138.99000549316406,49.84749984741211,58.6510009765625,135.92999267578125,50.04999923706055,59.14149856567383,136.60000610351562,108038000,29360000,27496500
2019-08-09,48.80619430541992,59.4005012512207,131.81362915039062,50.247501373291016,59.4005012512207,137.7100067138672,50.689998626708984,60.194000244140625,139.3800048828125,49.8224983215332,59.18014907836914,136.4600067138672,50.32500076293945,59.89950180053711,138.61000061035156,98478800,21314000,23466700
2019-08-12,48.68235778808594,58.73550033569336,129.97581481933594,50.119998931884766,58.73550033569336,135.7899932861328,50.51250076293945,59.24800109863281,137.86000061035156,49.787498474121094,58.38359832763672,135.24000549316406,49.904998779296875,58.96049880981445,137.07000732421875,89927600,20060000,20484300
2019-08-13,50.74396896362305,59.86349868774414,132.66551208496094,52.24250030517578,59.86349868774414,138.60000610351562,53.03499984741211,60.23899841308594,138.8000030517578,50.119998931884766,58.573001861572266,135.0,50.255001068115234,58.573001861572266,136.0500030517578,188874000,25888000,25154600
2019-08-14,49.233577728271484,58.214500427246094,128.6703643798828,50.6875,58.214500427246094,133.97999572753906,51.61000061035156,59.1150016784668,136.9199981689453,50.647499084472656,58.027000427246094,133.6699981689453,50.790000915527344,58.81549835205078,136.36000061035156,146189600,31574000,32527300
2019-08-15,48.98831558227539,58.362998962402344,128.3822479248047,50.435001373291016,58.362998962402344,133.67999267578125,51.28499984741211,58.79199981689453,134.5800018310547,49.91749954223633,58.105499267578125,132.25,50.8650016784668,58.17499923706055,134.38999938964844,108909600,24374000,28074400
2019-08-16,50.14418411254883,58.880001068115234,130.73516845703125,51.625,58.880001068115234,136.1300048828125,51.790000915527344,59.13600158691406,136.4600067138672,50.959999084472656,58.59049987792969,134.72000122070312,51.06999969482422,58.977500915527344,134.8800048828125,110481600,26266000,24449100
2019-08-19,51.079071044921875,59.92250061035156,132.92481994628906,52.587501525878906,59.92250061035156,138.41000366210938,53.182498931884766,60.3494987487793,138.5500030517578,52.50749969482422,59.50450134277344,136.88999938964844,52.654998779296875,59.50450134277344,137.85000610351562,97654400,24632000,24355700
2019-08-20,51.08149719238281,59.134498596191406,131.82041931152344,52.59000015258789,59.134498596191406,137.25999450683594,53.337501525878906,59.803001403808594,138.7100067138672,52.58000183105469,59.105499267578125,137.24000549316406,52.720001220703125,59.76250076293945,138.2100067138672,107537200,18310000,21170800
2019-08-21,51.63514709472656,59.5625,133.28977966308594,53.15999984741211,59.5625,138.7899932861328,53.412498474121094,59.95000076293945,139.49000549316406,52.900001525878906,59.371498107910156,138.0,53.247501373291016,59.657501220703125,138.5500030517578,86141600,14814000,14970300
2019-08-22,51.59144592285156,59.47650146484375,132.31979370117188,53.1150016784668,59.47650146484375,137.77999877929688,53.61000061035156,59.90060043334961,139.1999969482422,52.6875,58.92900085449219,136.2899932861328,53.29750061035156,59.70349884033203,138.66000366210938,89014800,18950000,18697000
2019-08-23,49.206871032714844,57.56449890136719,128.10377502441406,50.65999984741211,57.56449890136719,133.38999938964844,53.01250076293945,59.70399856567383,138.35000610351562,50.25,57.38750076293945,132.8000030517578,52.35749816894531,59.0994987487793,137.19000244140625,187272000,33740000,38508600
2019-08-26,50.14175033569336,58.44449996948242,130.08212280273438,51.622501373291016,58.44449996948242,135.4499969482422,51.79750061035156,58.4734992980957,135.55999755859375,51.26499938964844,57.64799880981445,133.89999389648438,51.46500015258789,57.862998962402344,134.99000549316406,104174400,24522000,20312600
2019-08-27,49.575965881347656,58.391998291015625,130.36062622070312,51.040000915527344,58.391998291015625,135.74000549316406,52.13750076293945,59.119998931884766,136.72000122070312,50.88249969482422,58.0724983215332,134.66000366210938,51.96500015258789,59.0265007019043,136.38999938964844,103493200,21544000,23102100
2019-08-28,49.90863800048828,58.55099868774414,130.187744140625,51.38249969482422,58.55099868774414,135.55999755859375,51.43000030517578,58.82099914550781,135.75999450683594,50.83000183105469,57.8650016784668,133.5500030517578,51.025001525878906,58.08549880981445,134.8800048828125,63755200,16040000,17393300
2019-08-29,50.75368881225586,59.64250183105469,132.6463165283203,52.252498626708984,59.64250183105469,138.1199951171875,52.33000183105469,59.803001403808594,138.44000244140625,51.665000915527344,59.055999755859375,136.91000366210938,52.125,59.055999755859375,137.25,83962000,21768000,20168700
2019-08-30,50.68811798095703,59.404998779296875,132.39662170410156,52.185001373291016,59.404998779296875,137.86000061035156,52.61249923706055,59.92499923706055,139.17999267578125,51.79999923706055,59.19015121459961,136.27000427246094,52.540000915527344,59.92499923706055,139.14999389648438,84573600,22596000,23940100
2019-09-03,49.949913024902344,58.419498443603516,130.6487579345703,51.42499923706055,58.419498443603516,136.0399932861328,51.744998931884766,59.34450149536133,137.1999969482422,51.05500030517578,58.15999984741211,135.6999969482422,51.60749816894531,58.85150146484375,136.61000061035156,80092000,29598000,18869300
2019-09-04,50.79739761352539,59.070499420166016,132.1757354736328,52.29750061035156,59.070499420166016,137.6300048828125,52.369998931884766,59.17399978637695,137.69000244140625,51.83000183105469,58.54999923706055,136.47999572753906,52.09749984741211,58.83549880981445,137.3000030517578,76752400,21378000,17995900
2019-09-05,51.79056167602539,60.569000244140625,134.49981689453125,53.31999969482422,60.569000244140625,140.0500030517578,53.49250030517578,60.652000427246094,140.3800048828125,52.877498626708984,59.576499938964844,138.75999450683594,53.0,59.576499938964844,139.11000061035156,95654800,28162000,26101800
2019-09-06,51.78571319580078,60.246498107910156,133.5874786376953,53.314998626708984,60.246498107910156,139.10000610351562,53.60499954223633,60.60074996948242,140.17999267578125,53.127498626708984,60.1260986328125,138.1999969482422,53.51250076293945,60.40650177001953,140.02999877929688,77449200,21442000,20824500
2019-09-09,52.006675720214844,60.22050094604492,132.07009887695312,53.54249954223633,60.22050094604492,137.52000427246094,54.11000061035156,61.0,139.75,52.76750183105469,59.63100051879883,136.4600067138672,53.709999084472656,60.20000076293945,139.58999633789062,109237600,29438000,25773900
2019-09-10,52.62103271484375,60.29999923706055,130.68714904785156,54.17499923706055,60.29999923706055,136.0800018310547,54.19499969482422,60.5,136.88999938964844,52.9275016784668,59.729000091552734,134.50999450683594,53.46500015258789,59.75749969482422,136.8000030517578,127111600,25202000,28903400
2019-09-11,54.29412841796875,61.00849914550781,130.72555541992188,55.897499084472656,61.00849914550781,136.1199951171875,55.9275016784668,61.130001068115234,136.27000427246094,54.432498931884766,60.11000061035156,135.08999633789062,54.51750183105469,60.170501708984375,135.91000366210938,177158400,26140000,24726100
2019-09-12,54.1727180480957,61.712501525878906,132.07009887695312,55.772499084472656,61.712501525878906,137.52000427246094,56.60499954223633,62.09299850463867,138.4199981689453,55.71500015258789,61.1510009765625,136.8699951171875,56.20000076293945,61.21500015258789,137.85000610351562,128906800,34518000,27010000
2019-09-13,53.11884307861328,61.97800064086914,131.8780059814453,54.6875,61.97800064086914,137.32000732421875,55.1974983215332,62.04399871826172,138.05999755859375,54.255001068115234,61.35049819946289,136.57000732421875,55.0,61.567501068115234,137.77999877929688,159053200,26028000,23363100
2019-09-16,53.39809036254883,61.564998626708984,130.92726135253906,54.974998474121094,61.564998626708984,136.3300018310547,55.032501220703125,61.97800064086914,136.6999969482422,54.38999938964844,61.28049850463867,135.66000366210938,54.432498931884766,61.47600173950195,135.8300018310547,84632400,21066000,16731400
2019-09-17,53.592350006103516,61.45750045776367,131.9452362060547,55.17499923706055,61.45750045776367,137.38999938964844,55.20500183105469,61.75,137.52000427246094,54.779998779296875,61.18450164794922,136.42999267578125,54.9900016784668,61.52000045776367,136.9600067138672,73274800,19102000,17814200
2019-09-18,54.095008850097656,61.62049865722656,133.0304718017578,55.692501068115234,61.62049865722656,138.52000427246094,55.712501525878906,61.78049850463867,138.6699981689453,54.86000061035156,60.826499938964844,136.52999877929688,55.26499938964844,61.3754997253418,137.36000061035156,101360000,22702000,23982100
2019-09-19,53.65549087524414,61.93550109863281,135.47940063476562,55.2400016784668,61.93550109863281,141.07000732421875,55.939998626708984,62.22200012207031,142.3699951171875,55.092498779296875,61.60100173950195,140.07000732421875,55.502498626708984,61.60300064086914,140.3000030517578,88242400,19920000,35772100
2019-09-20,52.871150970458984,61.496498107910156,133.9140167236328,54.432498931884766,61.496498107910156,139.44000244140625,55.63999938964844,62.16600036621094,141.64999389648438,54.36750030517578,61.15399932861328,138.25,55.345001220703125,61.65599822998047,141.00999450683594,221652400,45400000,39167300
2019-09-23,53.11155700683594,61.701499938964844,133.62594604492188,54.68000030517578,61.701499938964844,139.13999938964844,54.959999084472656,61.954498291015625,139.6300048828125,54.412498474121094,61.208499908447266,138.44000244140625,54.73749923706055,61.29999923706055,139.22999572753906,76662000,21248000,17139300
2019-09-24,52.8590087890625,60.9379997253418,131.9356689453125,54.41999816894531,60.9379997253418,137.3800048828125,55.622501373291016,62.33700180053711,140.69000244140625,54.29750061035156,60.534000396728516,136.8800048828125,55.25749969482422,62.0,140.36000061035156,124763200,31664000,29773200
2019-09-25,53.67249298095703,62.32600021362305,133.83718872070312,55.25749969482422,62.32600021362305,139.36000061035156,55.375,62.415000915527344,139.9600067138672,54.28499984741211,60.50450134277344,136.02999877929688,54.63750076293945,60.79100036621094,137.5,87613600,29060000,21382000
2019-09-26,53.39565658569336,62.06949996948242,134.01002502441406,54.97249984741211,62.06949996948242,139.5399932861328,55.23500061035156,62.25,140.17999267578125,54.70750045776367,61.613399505615234,138.44000244140625,55.0,62.097999572753906,139.44000244140625,75334000,30760000,17456600
2019-09-27,53.13583755493164,61.25450134277344,132.27175903320312,54.70500183105469,61.25450134277344,137.72999572753906,55.2400016784668,62.20100021362305,140.36000061035156,54.31999969482422,60.72249984741211,136.64999389648438,55.1349983215332,62.1505012512207,140.14999389648438,101408000,27078000,22477700
2019-09-30,54.38639450073242,60.95000076293945,133.52024841308594,55.99250030517578,60.95000076293945,139.02999877929688,56.14500045776367,61.29999923706055,139.22000122070312,55.1974983215332,60.6150016784668,137.77999877929688,55.224998474121094,61.048500061035156,138.0500030517578,103909600,28082000,17280900
2019-10-01,54.53696060180664,60.255001068115234,131.637939453125,56.147499084472656,60.255001068115234,137.07000732421875,57.05500030517578,61.561500549316406,140.25,56.04999923706055,60.17900085449219,137.0,56.26750183105469,60.95000076293945,139.66000366210938,139223200,25470000,21466600
2019-10-02,53.169837951660156,58.83150100708008,129.31382751464844,54.7400016784668,58.83150100708008,134.64999389648438,55.89500045776367,59.8489990234375,136.3699951171875,54.48249816894531,58.56449890136719,133.5800018310547,55.76499938964844,59.8489990234375,136.25,138449200,32302000,30521700
2019-10-03,53.621490478515625,59.39149856567383,130.87921142578125,55.20500183105469,59.39149856567383,136.27999877929688,55.2400016784668,59.452999114990234,136.75,53.782501220703125,58.121498107910156,133.22000122070312,54.60749816894531,59.0,134.9499969482422,114426000,32424000,24132900
2019-10-04,55.124595642089844,60.45000076293945,132.6463165283203,56.752498626708984,60.45000076293945,138.1199951171875,56.872501373291016,60.571998596191406,138.25,55.97249984741211,59.458499908447266,136.4199981689453,56.40999984741211,59.59450149536133,136.75,138478800,23248000,22897700
2019-10-07,55.136749267578125,60.38399887084961,131.68594360351562,56.76499938964844,60.38399887084961,137.1199951171875,57.48249816894531,60.91019821166992,138.17999267578125,56.459999084472656,60.1875,137.02000427246094,56.567501068115234,60.220001220703125,137.13999938964844,122306000,16858000,15303700
2019-10-08,54.49081802368164,59.45650100708008,130.29342651367188,56.099998474121094,59.45650100708008,135.6699981689453,57.01499938964844,60.30400085449219,137.75999450683594,56.08250045776367,59.45050048828125,135.6199951171875,56.45500183105469,59.87950134277344,137.0800018310547,111820000,20786000,25550500
2019-10-09,55.129451751708984,60.115501403808594,132.76156616210938,56.75749969482422,60.115501403808594,138.24000549316406,56.9474983215332,60.41749954223633,138.6999969482422,56.40999984741211,59.881500244140625,136.97000122070312,56.75749969482422,59.967498779296875,137.4600067138672,74770400,17354000,19749900
2019-10-10,55.87250900268555,60.43349838256836,133.5874786376953,57.522499084472656,60.43349838256836,139.10000610351562,57.61000061035156,60.75,139.6699981689453,56.82500076293945,59.867000579833984,138.25,56.98249816894531,59.92900085449219,138.49000549316406,113013600,16932000,17654600
2019-10-11,57.3586311340332,60.772499084472656,134.14450073242188,59.0525016784668,60.772499084472656,139.67999267578125,59.40999984741211,61.419498443603516,141.02999877929688,58.07749938964844,60.6870002746582,139.5,58.23749923706055,61.11050033569336,140.1199951171875,166795600,25454000,25446000
2019-10-14,57.276065826416016,60.856998443603516,134.01963806152344,58.967498779296875,60.856998443603516,139.5500030517578,59.532501220703125,61.31650161743164,140.2899932861328,58.66749954223633,60.5880012512207,139.52000427246094,58.724998474121094,60.617000579833984,139.69000244140625,96427600,17350000,13304300
2019-10-15,57.142520904541016,62.1505012512207,135.9595947265625,58.83000183105469,62.1505012512207,141.57000732421875,59.412498474121094,62.36650085449219,141.7899932861328,58.720001220703125,61.02000045776367,139.80999755859375,59.09749984741211,61.02000045776367,140.05999755859375,87360000,27634000,19695700
2019-10-16,56.911827087402344,62.18199920654297,134.84552001953125,58.592498779296875,62.18199920654297,140.41000366210938,58.810001373291016,62.73699951171875,140.99000549316406,58.29999923706055,61.92250061035156,139.52999877929688,58.342498779296875,62.05849838256836,140.7899932861328,73903200,21892000,20751600
2019-10-17,57.13279724121094,62.653499603271484,134.1540985107422,58.81999969482422,62.653499603271484,139.69000244140625,59.037498474121094,63.1662483215332,141.4199981689453,58.380001068115234,62.49700164794922,139.02000427246094,58.772499084472656,62.54650115966797,140.9499969482422,67585200,19048000,21460600
2019-10-18,57.407203674316406,62.27450180053711,131.96446228027344,59.102500915527344,62.27450180053711,137.41000366210938,59.39500045776367,62.94449996948242,140.0,58.5724983215332,62.05400085449219,136.55999755859375,58.647499084472656,62.67300033569336,139.75999450683594,97433600,27056000,32273500
2019-10-21,58.40279769897461,62.307498931884766,132.9440155029297,60.127498626708984,62.307498931884766,138.42999267578125,60.247501373291016,62.731449127197266,138.5,59.33000183105469,62.029998779296875,137.00999450683594,59.380001068115234,62.612998962402344,138.4499969482422,87247200,20544000,20078200
2019-10-22,58.26924514770508,62.13999938964844,130.9656524658203,59.9900016784668,62.13999938964844,136.3699951171875,60.54999923706055,62.529998779296875,140.00999450683594,59.904998779296875,62.069000244140625,136.25999450683594,60.290000915527344,62.39250183105469,138.97000122070312,82293600,20476000,27431000
2019-10-23,59.051143646240234,62.95650100708008,131.80117797851562,60.79499816894531,62.95650100708008,137.24000549316406,60.810001373291016,62.99449920654297,137.4499969482422,60.30500030517578,62.11800003051758,135.61000061035156,60.525001525878906,62.11800003051758,136.8800048828125,75828800,18230000,29844600
2019-10-24,59.14828872680664,63.04949951171875,134.39418029785156,60.89500045776367,63.04949951171875,139.94000244140625,61.20000076293945,63.20000076293945,140.4199981689453,60.45249938964844,62.68574905395508,138.6699981689453,61.127498626708984,63.04499816894531,139.38999938964844,69275200,20562000,37029300
2019-10-25,59.87677764892578,63.256500244140625,135.15289306640625,61.64500045776367,63.256500244140625,140.72999572753906,61.682498931884766,63.47999954223633,141.13999938964844,60.720001220703125,62.5004997253418,139.1999969482422,60.790000915527344,62.55149841308594,139.33999633789062,73477200,24262000,25959700
2019-10-28,60.47654724121094,64.5,138.4757537841797,62.26250076293945,64.5,144.19000244140625,62.3125,64.96549987792969,145.6699981689453,61.68000030517578,63.62699890136719,143.50999450683594,61.85499954223633,63.772499084472656,144.39999389648438,96572800,52264000,35280100
2019-10-29,59.07785415649414,63.13100051879883,137.16966247558594,60.8224983215332,63.13100051879883,142.8300018310547,62.4375,64.07949829101562,144.5,60.64250183105469,62.860599517822266,142.64999389648438,62.24250030517578,63.811500549316406,144.0800018310547,142839600,37728000,20589500
2019-10-30,59.0705680847168,63.06449890136719,138.8791046142578,60.814998626708984,63.06449890136719,144.61000061035156,61.32500076293945,63.46799850463867,145.0,60.3025016784668,62.599998474121094,142.7899932861328,61.189998626708984,62.64849853515625,143.52000427246094,124522000,28178000,18496600
2019-10-31,60.4061279296875,63.00550079345703,137.68826293945312,62.189998626708984,63.00550079345703,143.3699951171875,62.29249954223633,63.38349914550781,144.92999267578125,59.314998626708984,62.54214859008789,142.99000549316406,61.810001373291016,63.06399917602539,144.89999389648438,139162000,29114000,24605100
2019-11-01,62.120506286621094,63.6870002746582,138.02438354492188,63.95500183105469,63.6870002746582,143.72000122070312,63.98249816894531,63.73099899291992,144.4199981689453,62.290000915527344,63.025001525878906,142.97000122070312,62.3849983215332,63.25,144.25999450683594,151125200,33402000,33128400
2019-11-04,62.5284538269043,64.56849670410156,138.82150268554688,64.375,64.56849670410156,144.5500030517578,64.4625015258789,64.70649719238281,145.0,63.845001220703125,63.8177490234375,144.16000366210938,64.3324966430664,63.8224983215332,144.8300018310547,103272000,30020000,16912000
2019-11-05,62.43861770629883,64.60150146484375,138.73507690429688,64.28250122070312,64.60150146484375,144.4600067138672,64.54750061035156,64.94650268554688,145.02000427246094,64.08000183105469,64.56144714355469,143.91000366210938,64.26249694824219,64.64450073242188,144.97000122070312,79897600,25654000,18250200
2019-11-06,62.465328216552734,64.58999633789062,138.3509063720703,64.30999755859375,64.58999633789062,144.05999755859375,64.37249755859375,64.6865005493164,144.52000427246094,63.842498779296875,64.125,143.1999969482422,64.19249725341797,64.4729995727539,144.3699951171875,75864400,23060000,16575800
2019-11-07,63.186248779296875,65.44300079345703,138.54298400878906,64.85749816894531,65.44300079345703,144.25999450683594,65.0875015258789,66.18699645996094,144.8800048828125,64.52749633789062,64.71224975585938,143.77000427246094,64.68499755859375,64.71399688720703,143.83999633789062,94940400,40600000,17786700
2019-11-08,63.359188079833984,65.56849670410156,140.1756591796875,65.03500366210938,65.56849670410156,145.9600067138672,65.11000061035156,65.9000015258789,145.99000549316406,64.2125015258789,65.21824645996094,143.75999450683594,64.67250061035156,65.26399993896484,143.97999572753906,69986400,25028000,16732700
2019-11-11,63.860923767089844,64.95950317382812,140.3196563720703,65.55000305175781,64.95950317382812,146.11000061035156,65.61750030517578,65.32125091552734,146.4199981689453,64.56999969482422,64.87049865722656,144.72999572753906,64.57499694824219,65.15899658203125,145.33999633789062,81821200,20238000,14362600
2019-11-12,63.80244445800781,64.94000244140625,141.2416229248047,65.48999786376953,64.94000244140625,147.07000732421875,65.69750213623047,65.5,147.57000732421875,65.2300033569336,64.78849792480469,146.05999755859375,65.38749694824219,65.0,146.27999877929688,87388800,21718000,18641600
2019-11-13,64.41377258300781,64.9000015258789,141.47210693359375,66.11750030517578,64.9000015258789,147.30999755859375,66.19499969482422,65.21499633789062,147.4600067138672,65.26750183105469,64.67549896240234,146.27999877929688,65.28250122070312,64.70349884033203,146.74000549316406,102734400,16534000,16919200
2019-11-14,63.96807098388672,65.572998046875,142.1923828125,65.66000366210938,65.572998046875,148.05999755859375,66.22000122070312,65.8499984741211,148.41000366210938,65.5250015258789,64.78250122070312,147.0,65.9375,64.875,147.02000427246094,89182800,23870000,19729800
2019-11-15,64.72798156738281,66.74349975585938,144.02671813964844,66.44000244140625,66.74349975585938,149.97000122070312,66.44499969482422,66.74400329589844,149.99000549316406,65.75250244140625,65.71399688720703,148.27000427246094,65.91999816894531,65.9469985961914,148.92999267578125,100206400,35652000,23485700
2019-11-18,65.05433654785156,66.03500366210938,144.38206481933594,66.7750015258789,66.03500366210938,150.33999633789062,66.85749816894531,66.77645111083984,150.5500030517578,66.05750274658203,65.875,148.97999572753906,66.44999694824219,66.61100006103516,150.07000732421875,86703200,29748000,21534000
2019-11-19,64.85707092285156,65.77300262451172,144.43006896972656,66.57250213623047,65.77300262451172,150.38999938964844,67.0,66.38500213623047,151.3300018310547,66.34750366210938,65.63999938964844,150.1999969482422,66.9749984741211,66.38500213623047,150.8800048828125,76167200,25384000,23935700
2019-11-20,64.1020278930664,65.15249633789062,144.1794891357422,65.79750061035156,65.15249633789062,149.6199951171875,66.5199966430664,65.75,150.83999633789062,65.0999984741211,64.55750274658203,148.4600067138672,66.38500213623047,65.58699798583984,150.30999755859375,106234400,26172000,25696800
2019-11-21,63.814632415771484,65.06749725341797,144.0446014404297,65.50250244140625,65.06749725341797,149.47999572753906,66.00250244140625,65.62950134277344,149.8000030517578,65.29499816894531,64.6500015258789,148.5,65.92250061035156,65.0739974975586,149.39999389648438,121395200,19910000,18576100
2019-11-22,63.75862121582031,64.76699829101562,144.15060424804688,65.44499969482422,64.76699829101562,149.58999633789062,65.79499816894531,65.4365005493164,150.3000030517578,65.20999908447266,64.57050323486328,148.82000732421875,65.64749908447266,65.28099822998047,150.07000732421875,65325200,27714000,15901800
2019-11-25,64.87654113769531,65.33450317382812,145.7310028076172,66.59249877929688,65.33450317382812,151.22999572753906,66.61000061035156,65.56549835205078,151.35000610351562,65.62999725341797,64.90650177001953,149.9199981689453,65.67749786376953,64.95899963378906,150.0,84020400,20724000,22420900
2019-11-26,64.36995697021484,65.67749786376953,146.50189208984375,66.07250213623047,65.67749786376953,152.02999877929688,66.79000091552734,65.73999786376953,152.4199981689453,65.625,65.25450134277344,151.32000732421875,66.73500061035156,65.49299621582031,151.36000061035156,105207600,21394000,24620100
2019-11-27,65.23456573486328,65.64949798583984,146.78131103515625,66.95999908447266,65.64949798583984,152.32000732421875,66.99500274658203,65.91799926757812,152.5,66.32749938964844,65.48149871826172,151.52000427246094,66.3949966430664,65.75,152.3300018310547,65235600,19912000,15184400
2019-11-29,65.09088134765625,65.24800109863281,145.87551879882812,66.8125,65.24800109863281,151.3800048828125,67.0,65.51024627685547,152.3000030517578,66.4749984741211,65.19850158691406,151.27999877929688,66.6500015258789,65.35600280761719,152.10000610351562,46617600,11740000,11977300
2019-12-02,64.33827209472656,64.49600219726562,144.11207580566406,66.04000091552734,64.49600219726562,149.5500030517578,67.0625,65.29149627685547,151.8300018310547,65.86250305175781,64.05000305175781,148.32000732421875,66.81749725341797,65.05000305175781,151.80999755859375,94487200,30218000,27418400
2019-12-03,63.19112014770508,64.76399993896484,143.88076782226562,64.86250305175781,64.76399993896484,149.30999755859375,64.88249969482422,64.92304992675781,149.42999267578125,64.07250213623047,63.95000076293945,146.64999389648438,64.57749938964844,63.97850036621094,147.49000549316406,114430400,22876000,24066000
2019-12-04,63.748870849609375,66.0270004272461,144.40115356445312,65.43499755859375,66.0270004272461,149.85000610351562,65.82749938964844,66.29000091552734,150.17999267578125,65.16999816894531,65.24349975585938,149.1999969482422,65.26750183105469,65.35050201416016,150.13999938964844,67181600,30750000,17574700
2019-12-05,64.68413543701172,66.40650177001953,144.4782257080078,66.3949966430664,66.40650177001953,149.92999267578125,66.47250366210938,66.46790313720703,150.32000732421875,65.68250274658203,65.8219985961914,149.47999572753906,65.94750213623047,66.4000015258789,150.0500030517578,74424400,24254000,17869100
2019-12-06,65.93359375,67.03099822998047,146.23207092285156,67.67749786376953,67.03099822998047,151.75,67.75,67.19999694824219,151.8699951171875,66.82499694824219,66.6719970703125,150.27000427246094,66.87000274658203,66.6719970703125,150.99000549316406,106075600,26296000,16403500
2019-12-09,65.01050567626953,67.1780014038086,145.8562469482422,66.7300033569336,67.1780014038086,151.36000061035156,67.69999694824219,67.97250366210938,152.2100067138672,66.22750091552734,66.89199829101562,150.91000366210938,67.5,66.9020004272461,151.07000732421875,128042400,27086000,16687400
2019-12-10,65.39045715332031,67.23300170898438,145.6345977783203,67.12000274658203,67.23300170898438,151.1300048828125,67.51750183105469,67.49874877929688,151.88999938964844,66.46499633789062,66.802001953125,150.75999450683594,67.1500015258789,67.07499694824219,151.2899932861328,90420400,21882000,16476100
2019-12-11,65.94819641113281,67.2509994506836,146.1838836669922,67.69249725341797,67.2509994506836,151.6999969482422,67.7750015258789,67.55999755859375,151.8699951171875,67.125,67.13349914550781,150.3300018310547,67.20249938964844,67.54199981689453,151.5399932861328,78756800,17008000,18856600
2019-12-12,66.11624908447266,67.51349639892578,147.6678924560547,67.86499786376953,67.51349639892578,153.24000549316406,68.13999938964844,67.78874969482422,153.44000244140625,66.83000183105469,67.0250015258789,151.02000427246094,66.94499969482422,67.2969970703125,151.64999389648438,137310400,25620000,24612100
2019-12-13,67.0149917602539,67.3915023803711,148.9109649658203,68.7874984741211,67.3915023803711,154.52999877929688,68.82499694824219,67.65464782714844,154.88999938964844,67.73249816894531,67.19349670410156,152.8300018310547,67.86499786376953,67.39749908447266,153.0,133587600,30992000,23845400
2019-12-16,68.16214752197266,68.05850219726562,149.87460327148438,69.96499633789062,68.05850219726562,155.52999877929688,70.19750213623047,68.23400115966797,155.89999389648438,69.24500274658203,67.63349914550781,154.82000732421875,69.25,67.82499694824219,155.11000061035156,128186000,27946000,24144200
2019-12-17,68.29610443115234,67.75599670410156,149.06517028808594,70.10250091552734,67.75599670410156,154.69000244140625,70.44249725341797,68.25,155.7100067138672,69.69999694824219,67.56614685058594,154.4499969482422,69.89250183105469,68.14450073242188,155.4499969482422,114158400,37080000,25425600
2019-12-18,68.13290405273438,67.63099670410156,148.75677490234375,69.93499755859375,67.63099670410156,154.3699951171875,70.4749984741211,68.02349853515625,155.47999572753906,69.77999877929688,67.55000305175781,154.17999267578125,69.94999694824219,67.83000183105469,154.3000030517578,116028400,30452000,24129200
2019-12-19,68.20111083984375,67.802001953125,150.04806518554688,70.00499725341797,67.802001953125,155.7100067138672,70.29499816894531,67.90499877929688,155.77000427246094,69.73750305175781,67.44924926757812,153.75,69.875,67.59100341796875,154.0,98369200,29398000,24958900
2019-12-20,68.05986022949219,67.47949981689453,151.68626403808594,69.86000061035156,67.47949981689453,157.41000366210938,70.6624984741211,68.18199920654297,158.49000549316406,69.63999938964844,67.44999694824219,156.2899932861328,70.55750274658203,68.1675033569336,157.35000610351562,275978000,66300000,53477500
2019-12-23,69.17048645019531,67.44200134277344,151.68626403808594,71.0,67.44200134277344,157.41000366210938,71.0625,67.98999786376953,158.1199951171875,70.09249877929688,67.32550048828125,157.27000427246094,70.13249969482422,67.79350280761719,158.1199951171875,98572000,17662000,17718200
2019-12-24,69.2362289428711,67.1780014038086,151.65731811523438,71.06749725341797,67.1780014038086,157.3800048828125,71.22250366210938,67.51300048828125,157.7100067138672,70.7300033569336,67.13899993896484,157.1199951171875,71.17250061035156,67.42500305175781,157.47999572753906,48478800,6950000,8989200
2019-12-26,70.60990142822266,68.0199966430664,152.9004364013672,72.47750091552734,68.0199966430664,158.6699981689453,72.49500274658203,68.06635284423828,158.72999572753906,71.17500305175781,67.22350311279297,157.39999389648438,71.20500183105469,67.30850219726562,157.55999755859375,93121200,13350000,14520600
2019-12-27,70.58311462402344,67.59449768066406,153.17990112304688,72.44999694824219,67.59449768066406,158.9600067138672,73.49250030517578,68.22650146484375,159.5500030517578,72.02999877929688,67.46549987792969,158.22000122070312,72.77999877929688,68.14949798583984,159.4499969482422,146266000,20768000,18412800
2019-12-30,71.00202941894531,66.80699920654297,151.85971069335938,72.87999725341797,66.80699920654297,157.58999633789062,73.17250061035156,67.6500015258789,159.02000427246094,71.30500030517578,66.70099639892578,156.72999572753906,72.36499786376953,67.5,158.99000549316406,144114400,21018000,16348400
2019-12-31,71.52081298828125,66.85099792480469,151.96572875976562,73.4124984741211,66.85099792480469,157.6999969482422,73.41999816894531,66.9000015258789,157.77000427246094,72.37999725341797,66.4542465209961,156.4499969482422,72.48249816894531,66.50550079345703,156.77000427246094,100805600,19236000,18369400
